{"type": "metrics", "dataset": "train", "precision": 0.8413358883109773, "balanced_accuracy": 0.6656255621325529, "recall": 0.944324955447674, "f1_score": 0.8898604435694019}
{"type": "metrics", "dataset": "test", "precision": 0.8534615384615385, "balanced_accuracy": 0.670026429594941, "recall": 0.9387956564659428, "f1_score": 0.8940971056342757}
{"type": "cm_matrix", "dataset": "train", "true_0": {"predicted_0": 15367, "predicted_1": 906}, "true_1": {"predicted_0": 2898, "predicted_1": 1829}}
{"type": "cm_matrix", "dataset": "test", "true_0": {"predicted_0": 6657, "predicted_1": 434}, "true_1": {"predicted_0": 1143, "predicted_1": 766}}
